class,contract,obfuscation_induces_defect,orig_loc,obfuscated_loc,original_path,obfuscated_path
D1,D1_01_RewardVault,yes,21,21,contracts/D1/original/D1_01_RewardVault.sol,contracts/D1/obfuscated/D1_01_RewardVault.sol
D1,D1_02_EscrowRelease,yes,19,19,contracts/D1/original/D1_02_EscrowRelease.sol,contracts/D1/obfuscated/D1_02_EscrowRelease.sol
D1,D1_03_BatchPayer,yes,22,22,contracts/D1/original/D1_03_BatchPayer.sol,contracts/D1/obfuscated/D1_03_BatchPayer.sol
D1,D1_04_FeeCollector,yes,26,26,contracts/D1/original/D1_04_FeeCollector.sol,contracts/D1/obfuscated/D1_04_FeeCollector.sol
D1,D1_05_RefundPool,yes,20,20,contracts/D1/original/D1_05_RefundPool.sol,contracts/D1/obfuscated/D1_05_RefundPool.sol
D1,D1_06_StakingRewards,yes,20,20,contracts/D1/original/D1_06_StakingRewards.sol,contracts/D1/obfuscated/D1_06_StakingRewards.sol
D1,D1_07_AirdropClaim,yes,22,22,contracts/D1/original/D1_07_AirdropClaim.sol,contracts/D1/obfuscated/D1_07_AirdropClaim.sol
D1,D1_08_AuctionSettle,yes,20,20,contracts/D1/original/D1_08_AuctionSettle.sol,contracts/D1/obfuscated/D1_08_AuctionSettle.sol
D1,D1_09_VestingWithdraw,yes,20,20,contracts/D1/original/D1_09_VestingWithdraw.sol,contracts/D1/obfuscated/D1_09_VestingWithdraw.sol
D1,D1_10_InsuranceClaim,yes,22,22,contracts/D1/original/D1_10_InsuranceClaim.sol,contracts/D1/obfuscated/D1_10_InsuranceClaim.sol
D1,D1_11_RoyaltySplitter,yes,21,21,contracts/D1/original/D1_11_RoyaltySplitter.sol,contracts/D1/obfuscated/D1_11_RoyaltySplitter.sol
D1,D1_12_LoyaltyRedeem,yes,21,21,contracts/D1/original/D1_12_LoyaltyRedeem.sol,contracts/D1/obfuscated/D1_12_LoyaltyRedeem.sol
D1,D1_13_DividendPayout,yes,21,21,contracts/D1/original/D1_13_DividendPayout.sol,contracts/D1/obfuscated/D1_13_DividendPayout.sol
D2,D2_01_FeeSplitter,yes,26,25,contracts/D2/original/D2_01_FeeSplitter.sol,contracts/D2/obfuscated/D2_01_FeeSplitter.sol
D2,D2_02_DualTreasury,yes,26,25,contracts/D2/original/D2_02_DualTreasury.sol,contracts/D2/obfuscated/D2_02_DualTreasury.sol
D2,D2_03_GrantOffice,yes,26,25,contracts/D2/original/D2_03_GrantOffice.sol,contracts/D2/obfuscated/D2_03_GrantOffice.sol
D2,D2_04_MarketplacePayout,yes,26,25,contracts/D2/original/D2_04_MarketplacePayout.sol,contracts/D2/obfuscated/D2_04_MarketplacePayout.sol
D2,D2_05_BondRedeemer,yes,26,25,contracts/D2/original/D2_05_BondRedeemer.sol,contracts/D2/obfuscated/D2_05_BondRedeemer.sol
D2,D2_06_PayrollDesk,yes,26,25,contracts/D2/original/D2_06_PayrollDesk.sol,contracts/D2/obfuscated/D2_06_PayrollDesk.sol
D2,D2_07_LiquidityDesk,yes,26,25,contracts/D2/original/D2_07_LiquidityDesk.sol,contracts/D2/obfuscated/D2_07_LiquidityDesk.sol
D2,D2_08_ArbitrationFund,yes,26,25,contracts/D2/original/D2_08_ArbitrationFund.sol,contracts/D2/obfuscated/D2_08_ArbitrationFund.sol
D2,D2_09_SubscriptionVault,yes,26,25,contracts/D2/original/D2_09_SubscriptionVault.sol,contracts/D2/obfuscated/D2_09_SubscriptionVault.sol
D2,D2_10_TournamentBank,yes,26,25,contracts/D2/original/D2_10_TournamentBank.sol,contracts/D2/obfuscated/D2_10_TournamentBank.sol
D3,D3_01_LogicVault,no,27,30,contracts/D3/original/D3_01_LogicVault.sol,contracts/D3/obfuscated/D3_01_LogicVault.sol
D3,D3_02_LogicRegistry,no,23,26,contracts/D3/original/D3_02_LogicRegistry.sol,contracts/D3/obfuscated/D3_02_LogicRegistry.sol
D3,D3_03_LogicEscrow,no,26,29,contracts/D3/original/D3_03_LogicEscrow.sol,contracts/D3/obfuscated/D3_03_LogicEscrow.sol
D3,D3_04_LogicStaking,no,26,29,contracts/D3/original/D3_04_LogicStaking.sol,contracts/D3/obfuscated/D3_04_LogicStaking.sol
D3,D3_05_LogicGovernor,no,23,26,contracts/D3/original/D3_05_LogicGovernor.sol,contracts/D3/obfuscated/D3_05_LogicGovernor.sol
D3,D3_06_LogicOracle,no,23,26,contracts/D3/original/D3_06_LogicOracle.sol,contracts/D3/obfuscated/D3_06_LogicOracle.sol
D3,D3_07_LogicTreasury,no,25,28,contracts/D3/original/D3_07_LogicTreasury.sol,contracts/D3/obfuscated/D3_07_LogicTreasury.sol
D3,D3_08_LogicWhitelist,no,23,26,contracts/D3/original/D3_08_LogicWhitelist.sol,contracts/D3/obfuscated/D3_08_LogicWhitelist.sol
D3,D3_09_LogicBridge,no,23,26,contracts/D3/original/D3_09_LogicBridge.sol,contracts/D3/obfuscated/D3_09_LogicBridge.sol
D3,D3_10_LogicMarket,no,23,26,contracts/D3/original/D3_10_LogicMarket.sol,contracts/D3/obfuscated/D3_10_LogicMarket.sol
D4,D4_01_FeeMath,no,13,13,contracts/D4/original/D4_01_FeeMath.sol,contracts/D4/obfuscated/D4_01_FeeMath.sol
D4,D4_02_InterestAccrual,no,12,12,contracts/D4/original/D4_02_InterestAccrual.sol,contracts/D4/obfuscated/D4_02_InterestAccrual.sol
D4,D4_03_TierPricing,no,12,12,contracts/D4/original/D4_03_TierPricing.sol,contracts/D4/obfuscated/D4_03_TierPricing.sol
D4,D4_04_DecimalScaler,no,12,12,contracts/D4/original/D4_04_DecimalScaler.sol,contracts/D4/obfuscated/D4_04_DecimalScaler.sol
D4,D4_05_RewardCurve,no,12,12,contracts/D4/original/D4_05_RewardCurve.sol,contracts/D4/obfuscated/D4_05_RewardCurve.sol
D4,D4_06_SlippageGuard,no,11,11,contracts/D4/original/D4_06_SlippageGuard.sol,contracts/D4/obfuscated/D4_06_SlippageGuard.sol
D4,D4_07_GasEstimator,no,12,12,contracts/D4/original/D4_07_GasEstimator.sol,contracts/D4/obfuscated/D4_07_GasEstimator.sol
D4,D4_08_LotteryOdds,no,12,12,contracts/D4/original/D4_08_LotteryOdds.sol,contracts/D4/obfuscated/D4_08_LotteryOdds.sol
D4,D4_09_CollateralRatio,no,12,12,contracts/D4/original/D4_09_CollateralRatio.sol,contracts/D4/obfuscated/D4_09_CollateralRatio.sol
D4,D4_10_TaxWithholding,no,12,12,contracts/D4/original/D4_10_TaxWithholding.sol,contracts/D4/obfuscated/D4_10_TaxWithholding.sol
D5,D5_01_ArraySum,no,15,16,contracts/D5/original/D5_01_ArraySum.sol,contracts/D5/obfuscated/D5_01_ArraySum.sol
D5,D5_02_WeightedMean,no,15,15,contracts/D5/original/D5_02_WeightedMean.sol,contracts/D5/obfuscated/D5_02_WeightedMean.sol
D5,D5_03_MaxFinder,no,15,15,contracts/D5/original/D5_03_MaxFinder.sol,contracts/D5/obfuscated/D5_03_MaxFinder.sol
D5,D5_04_MerkleFold,no,15,15,contracts/D5/original/D5_04_MerkleFold.sol,contracts/D5/obfuscated/D5_04_MerkleFold.sol
D5,D5_05_CountAbove,no,15,15,contracts/D5/original/D5_05_CountAbove.sol,contracts/D5/obfuscated/D5_05_CountAbove.sol
D5,D5_06_RunningProduct,no,15,15,contracts/D5/original/D5_06_RunningProduct.sol,contracts/D5/obfuscated/D5_06_RunningProduct.sol
D5,D5_07_RangeChecksum,no,15,15,contracts/D5/original/D5_07_RangeChecksum.sol,contracts/D5/obfuscated/D5_07_RangeChecksum.sol
